"GEO_ID","id"
"NAME","Geographic Area Name"
"B17020I_001E","Estimate!!Total"
"B17020I_001M","Margin of Error!!Total"
"B17020I_002E","Estimate!!Total!!Income in the past 12 months below poverty level"
"B17020I_002M","Margin of Error!!Total!!Income in the past 12 months below poverty level"
"B17020I_003E","Estimate!!Total!!Income in the past 12 months below poverty level!!Under 6 years"
"B17020I_003M","Margin of Error!!Total!!Income in the past 12 months below poverty level!!Under 6 years"
"B17020I_004E","Estimate!!Total!!Income in the past 12 months below poverty level!!6 to 11 years"
"B17020I_004M","Margin of Error!!Total!!Income in the past 12 months below poverty level!!6 to 11 years"
"B17020I_005E","Estimate!!Total!!Income in the past 12 months below poverty level!!12 to 17 years"
"B17020I_005M","Margin of Error!!Total!!Income in the past 12 months below poverty level!!12 to 17 years"
"B17020I_006E","Estimate!!Total!!Income in the past 12 months below poverty level!!18 to 59 years"
"B17020I_006M","Margin of Error!!Total!!Income in the past 12 months below poverty level!!18 to 59 years"
"B17020I_007E","Estimate!!Total!!Income in the past 12 months below poverty level!!60 to 74 years"
"B17020I_007M","Margin of Error!!Total!!Income in the past 12 months below poverty level!!60 to 74 years"
"B17020I_008E","Estimate!!Total!!Income in the past 12 months below poverty level!!75 to 84 years"
"B17020I_008M","Margin of Error!!Total!!Income in the past 12 months below poverty level!!75 to 84 years"
"B17020I_009E","Estimate!!Total!!Income in the past 12 months below poverty level!!85 years and over"
"B17020I_009M","Margin of Error!!Total!!Income in the past 12 months below poverty level!!85 years and over"
"B17020I_010E","Estimate!!Total!!Income in the past 12 months at or above poverty level"
"B17020I_010M","Margin of Error!!Total!!Income in the past 12 months at or above poverty level"
"B17020I_011E","Estimate!!Total!!Income in the past 12 months at or above poverty level!!Under 6 years"
"B17020I_011M","Margin of Error!!Total!!Income in the past 12 months at or above poverty level!!Under 6 years"
"B17020I_012E","Estimate!!Total!!Income in the past 12 months at or above poverty level!!6 to 11 years"
"B17020I_012M","Margin of Error!!Total!!Income in the past 12 months at or above poverty level!!6 to 11 years"
"B17020I_013E","Estimate!!Total!!Income in the past 12 months at or above poverty level!!12 to 17 years"
"B17020I_013M","Margin of Error!!Total!!Income in the past 12 months at or above poverty level!!12 to 17 years"
"B17020I_014E","Estimate!!Total!!Income in the past 12 months at or above poverty level!!18 to 59 years"
"B17020I_014M","Margin of Error!!Total!!Income in the past 12 months at or above poverty level!!18 to 59 years"
"B17020I_015E","Estimate!!Total!!Income in the past 12 months at or above poverty level!!60 to 74 years"
"B17020I_015M","Margin of Error!!Total!!Income in the past 12 months at or above poverty level!!60 to 74 years"
"B17020I_016E","Estimate!!Total!!Income in the past 12 months at or above poverty level!!75 to 84 years"
"B17020I_016M","Margin of Error!!Total!!Income in the past 12 months at or above poverty level!!75 to 84 years"
"B17020I_017E","Estimate!!Total!!Income in the past 12 months at or above poverty level!!85 years and over"
"B17020I_017M","Margin of Error!!Total!!Income in the past 12 months at or above poverty level!!85 years and over"
