"GEO_ID","id"
"NAME","Geographic Area Name"
"B16005I_001E","Estimate!!Total"
"B16005I_001M","Margin of Error!!Total"
"B16005I_002E","Estimate!!Total!!Native"
"B16005I_002M","Margin of Error!!Total!!Native"
"B16005I_003E","Estimate!!Total!!Native!!Speak only English"
"B16005I_003M","Margin of Error!!Total!!Native!!Speak only English"
"B16005I_004E","Estimate!!Total!!Native!!Speak another language"
"B16005I_004M","Margin of Error!!Total!!Native!!Speak another language"
"B16005I_005E","Estimate!!Total!!Native!!Speak another language!!Speak English "very well""
"B16005I_005M","Margin of Error!!Total!!Native!!Speak another language!!Speak English "very well""
"B16005I_006E","Estimate!!Total!!Native!!Speak another language!!Speak English less than "very well""
"B16005I_006M","Margin of Error!!Total!!Native!!Speak another language!!Speak English less than "very well""
"B16005I_007E","Estimate!!Total!!Foreign born"
"B16005I_007M","Margin of Error!!Total!!Foreign born"
"B16005I_008E","Estimate!!Total!!Foreign born!!Speak only English"
"B16005I_008M","Margin of Error!!Total!!Foreign born!!Speak only English"
"B16005I_009E","Estimate!!Total!!Foreign born!!Speak another language"
"B16005I_009M","Margin of Error!!Total!!Foreign born!!Speak another language"
"B16005I_010E","Estimate!!Total!!Foreign born!!Speak another language!!Speak English "very well""
"B16005I_010M","Margin of Error!!Total!!Foreign born!!Speak another language!!Speak English "very well""
"B16005I_011E","Estimate!!Total!!Foreign born!!Speak another language!!Speak English less than "very well""
"B16005I_011M","Margin of Error!!Total!!Foreign born!!Speak another language!!Speak English less than "very well""
