"GEO_ID","id"
"NAME","Geographic Area Name"
"B10051I_001E","Estimate!!Total"
"B10051I_001M","Margin of Error!!Total"
"B10051I_002E","Estimate!!Total!!Grandparent responsible for own grandchildren under 18 years"
"B10051I_002M","Margin of Error!!Total!!Grandparent responsible for own grandchildren under 18 years"
"B10051I_003E","Estimate!!Total!!Grandparent responsible for own grandchildren under 18 years!!30 to 59 years"
"B10051I_003M","Margin of Error!!Total!!Grandparent responsible for own grandchildren under 18 years!!30 to 59 years"
"B10051I_004E","Estimate!!Total!!Grandparent responsible for own grandchildren under 18 years!!60 years and over"
"B10051I_004M","Margin of Error!!Total!!Grandparent responsible for own grandchildren under 18 years!!60 years and over"
"B10051I_005E","Estimate!!Total!!Grandparent not responsible for own grandchildren under 18 years"
"B10051I_005M","Margin of Error!!Total!!Grandparent not responsible for own grandchildren under 18 years"
"B10051I_006E","Estimate!!Total!!Grandparent not responsible for own grandchildren under 18 years!!30 to 59 years"
"B10051I_006M","Margin of Error!!Total!!Grandparent not responsible for own grandchildren under 18 years!!30 to 59 years"
"B10051I_007E","Estimate!!Total!!Grandparent not responsible for own grandchildren under 18 years!!60 years and over"
"B10051I_007M","Margin of Error!!Total!!Grandparent not responsible for own grandchildren under 18 years!!60 years and over"
