"GEO_ID","id"
"NAME","Geographic Area Name"
"C27001I_001E","Estimate!!Total"
"C27001I_001M","Margin of Error!!Total"
"C27001I_002E","Estimate!!Total!!Under 19 years"
"C27001I_002M","Margin of Error!!Total!!Under 19 years"
"C27001I_003E","Estimate!!Total!!Under 19 years!!With health insurance coverage"
"C27001I_003M","Margin of Error!!Total!!Under 19 years!!With health insurance coverage"
"C27001I_004E","Estimate!!Total!!Under 19 years!!No health insurance coverage"
"C27001I_004M","Margin of Error!!Total!!Under 19 years!!No health insurance coverage"
"C27001I_005E","Estimate!!Total!!19 to 64 years"
"C27001I_005M","Margin of Error!!Total!!19 to 64 years"
"C27001I_006E","Estimate!!Total!!19 to 64 years!!With health insurance coverage"
"C27001I_006M","Margin of Error!!Total!!19 to 64 years!!With health insurance coverage"
"C27001I_007E","Estimate!!Total!!19 to 64 years!!No health insurance coverage"
"C27001I_007M","Margin of Error!!Total!!19 to 64 years!!No health insurance coverage"
"C27001I_008E","Estimate!!Total!!65 years and over"
"C27001I_008M","Margin of Error!!Total!!65 years and over"
"C27001I_009E","Estimate!!Total!!65 years and over!!With health insurance coverage"
"C27001I_009M","Margin of Error!!Total!!65 years and over!!With health insurance coverage"
"C27001I_010E","Estimate!!Total!!65 years and over!!No health insurance coverage"
"C27001I_010M","Margin of Error!!Total!!65 years and over!!No health insurance coverage"
