"GEO_ID","id"
"NAME","Geographic Area Name"
"B22005I_001E","Estimate!!Total"
"B22005I_001M","Margin of Error!!Total"
"B22005I_002E","Estimate!!Total!!Household received Food Stamps/SNAP in the past 12 months"
"B22005I_002M","Margin of Error!!Total!!Household received Food Stamps/SNAP in the past 12 months"
"B22005I_003E","Estimate!!Total!!Household did not receive Food Stamps/SNAP in the past 12 months"
"B22005I_003M","Margin of Error!!Total!!Household did not receive Food Stamps/SNAP in the past 12 months"
