"GEO_ID","id"
"NAME","Geographic Area Name"
"B08105I_001E","Estimate!!Total"
"B08105I_001M","Margin of Error!!Total"
"B08105I_002E","Estimate!!Total!!Car, truck, or van - drove alone"
"B08105I_002M","Margin of Error!!Total!!Car, truck, or van - drove alone"
"B08105I_003E","Estimate!!Total!!Car, truck, or van - carpooled"
"B08105I_003M","Margin of Error!!Total!!Car, truck, or van - carpooled"
"B08105I_004E","Estimate!!Total!!Public transportation (excluding taxicab)"
"B08105I_004M","Margin of Error!!Total!!Public transportation (excluding taxicab)"
"B08105I_005E","Estimate!!Total!!Walked"
"B08105I_005M","Margin of Error!!Total!!Walked"
"B08105I_006E","Estimate!!Total!!Taxicab, motorcycle, bicycle, or other means"
"B08105I_006M","Margin of Error!!Total!!Taxicab, motorcycle, bicycle, or other means"
"B08105I_007E","Estimate!!Total!!Worked at home"
"B08105I_007M","Margin of Error!!Total!!Worked at home"
