"GEO_ID","id"
"NAME","Geographic Area Name"
"C24010I_001E","Estimate!!Total"
"C24010I_001M","Margin of Error!!Total"
"C24010I_002E","Estimate!!Total!!Male"
"C24010I_002M","Margin of Error!!Total!!Male"
"C24010I_003E","Estimate!!Total!!Male!!Management, business, science, and arts occupations"
"C24010I_003M","Margin of Error!!Total!!Male!!Management, business, science, and arts occupations"
"C24010I_004E","Estimate!!Total!!Male!!Service occupations"
"C24010I_004M","Margin of Error!!Total!!Male!!Service occupations"
"C24010I_005E","Estimate!!Total!!Male!!Sales and office occupations"
"C24010I_005M","Margin of Error!!Total!!Male!!Sales and office occupations"
"C24010I_006E","Estimate!!Total!!Male!!Natural resources, construction, and maintenance occupations"
"C24010I_006M","Margin of Error!!Total!!Male!!Natural resources, construction, and maintenance occupations"
"C24010I_007E","Estimate!!Total!!Male!!Production, transportation, and material moving occupations"
"C24010I_007M","Margin of Error!!Total!!Male!!Production, transportation, and material moving occupations"
"C24010I_008E","Estimate!!Total!!Female"
"C24010I_008M","Margin of Error!!Total!!Female"
"C24010I_009E","Estimate!!Total!!Female!!Management, business, science, and arts occupations"
"C24010I_009M","Margin of Error!!Total!!Female!!Management, business, science, and arts occupations"
"C24010I_010E","Estimate!!Total!!Female!!Service occupations"
"C24010I_010M","Margin of Error!!Total!!Female!!Service occupations"
"C24010I_011E","Estimate!!Total!!Female!!Sales and office occupations"
"C24010I_011M","Margin of Error!!Total!!Female!!Sales and office occupations"
"C24010I_012E","Estimate!!Total!!Female!!Natural resources, construction, and maintenance occupations"
"C24010I_012M","Margin of Error!!Total!!Female!!Natural resources, construction, and maintenance occupations"
"C24010I_013E","Estimate!!Total!!Female!!Production, transportation, and material moving occupations"
"C24010I_013M","Margin of Error!!Total!!Female!!Production, transportation, and material moving occupations"
