"GEO_ID","id"
"NAME","Geographic Area Name"
"B11002I_001E","Estimate!!Total"
"B11002I_001M","Margin of Error!!Total"
"B11002I_002E","Estimate!!Total!!In family households"
"B11002I_002M","Margin of Error!!Total!!In family households"
"B11002I_003E","Estimate!!Total!!In family households!!In married-couple family"
"B11002I_003M","Margin of Error!!Total!!In family households!!In married-couple family"
"B11002I_004E","Estimate!!Total!!In family households!!In married-couple family!!Relatives"
"B11002I_004M","Margin of Error!!Total!!In family households!!In married-couple family!!Relatives"
"B11002I_005E","Estimate!!Total!!In family households!!In married-couple family!!Nonrelatives"
"B11002I_005M","Margin of Error!!Total!!In family households!!In married-couple family!!Nonrelatives"
"B11002I_006E","Estimate!!Total!!In family households!!In male householder, no wife present, family"
"B11002I_006M","Margin of Error!!Total!!In family households!!In male householder, no wife present, family"
"B11002I_007E","Estimate!!Total!!In family households!!In male householder, no wife present, family!!Relatives"
"B11002I_007M","Margin of Error!!Total!!In family households!!In male householder, no wife present, family!!Relatives"
"B11002I_008E","Estimate!!Total!!In family households!!In male householder, no wife present, family!!Nonrelatives"
"B11002I_008M","Margin of Error!!Total!!In family households!!In male householder, no wife present, family!!Nonrelatives"
"B11002I_009E","Estimate!!Total!!In family households!!In female householder, no husband present, family"
"B11002I_009M","Margin of Error!!Total!!In family households!!In female householder, no husband present, family"
"B11002I_010E","Estimate!!Total!!In family households!!In female householder, no husband present, family!!Relatives"
"B11002I_010M","Margin of Error!!Total!!In family households!!In female householder, no husband present, family!!Relatives"
"B11002I_011E","Estimate!!Total!!In family households!!In female householder, no husband present, family!!Nonrelatives"
"B11002I_011M","Margin of Error!!Total!!In family households!!In female householder, no husband present, family!!Nonrelatives"
"B11002I_012E","Estimate!!Total!!In nonfamily households"
"B11002I_012M","Margin of Error!!Total!!In nonfamily households"
